"","ID","L","Haploid","monoecious","omega"
"1","~/DispersalEvolution/RangeEquilibrium/19072_Sim1",1,FALSE,FALSE,1
"2","~/DispersalEvolution/RangeEquilibrium/19073_Sim1",1,FALSE,FALSE,1
"3","~/DispersalEvolution/RangeEquilibrium/19074_Sim1",1,FALSE,FALSE,1
"4","~/DispersalEvolution/RangeEquilibrium/19075_Sim1",1,FALSE,FALSE,1
"5","~/DispersalEvolution/RangeEquilibrium/19077_Sim1",1,FALSE,FALSE,1
"6","~/DispersalEvolution/RangeEquilibrium/19078_Sim1",1,FALSE,FALSE,1
"7","~/DispersalEvolution/RangeEquilibrium/19084_Sim1",1,FALSE,FALSE,1
"8","~/DispersalEvolution/RangeEquilibrium/19086_Sim1",1,FALSE,FALSE,1
"9","~/DispersalEvolution/RangeEquilibrium/19087_Sim1",1,FALSE,FALSE,1
"10","~/DispersalEvolution/RangeEquilibrium/19093_Sim1",1,FALSE,FALSE,1
"11","~/DispersalEvolution/RangeEquilibrium/19100_Sim1",1,FALSE,FALSE,1
"12","~/DispersalEvolution/RangeEquilibrium/19101_Sim1",1,FALSE,FALSE,1
"13","~/DispersalEvolution/RangeEquilibrium/19102_Sim1",1,FALSE,FALSE,1
"14","~/DispersalEvolution/RangeEquilibrium/19108_Sim1",1,FALSE,FALSE,1
"15","~/DispersalEvolution/RangeEquilibrium/19114_Sim1",1,FALSE,FALSE,1
"16","~/DispersalEvolution/RangeEquilibrium/19115_Sim1",1,FALSE,FALSE,1
"17","~/DispersalEvolution/RangeEquilibrium/19117_Sim1",1,FALSE,FALSE,1
"18","~/DispersalEvolution/RangeEquilibrium/19123_Sim1",1,FALSE,FALSE,1
"19","~/DispersalEvolution/RangeEquilibrium/19125_Sim1",1,FALSE,FALSE,1
"20","~/DispersalEvolution/RangeEquilibrium/19130_Sim1",1,FALSE,FALSE,1
"21","~/DispersalEvolution/RangeEquilibrium/19135_Sim1",1,FALSE,FALSE,1
"22","~/DispersalEvolution/RangeEquilibrium/19138_Sim1",1,FALSE,FALSE,1
"23","~/DispersalEvolution/RangeEquilibrium/19139_Sim1",1,FALSE,FALSE,1
"24","~/DispersalEvolution/RangeEquilibrium/27695_Sim1",1,FALSE,FALSE,1
"25","~/DispersalEvolution/RangeEquilibrium/27696_Sim1",1,FALSE,FALSE,1
"26","~/DispersalEvolution/RangeEquilibrium/27697_Sim1",1,FALSE,FALSE,1
"27","~/DispersalEvolution/RangeEquilibrium/27698_Sim1",1,FALSE,FALSE,1
"28","~/DispersalEvolution/RangeEquilibrium/27700_Sim1",1,FALSE,FALSE,1
"29","~/DispersalEvolution/RangeEquilibrium/27701_Sim1",1,FALSE,FALSE,1
"30","~/DispersalEvolution/RangeEquilibrium/27703_Sim1",1,FALSE,FALSE,1
"31","~/DispersalEvolution/RangeEquilibrium/27705_Sim1",1,FALSE,FALSE,1
"32","~/DispersalEvolution/RangeEquilibrium/27710_Sim1",1,FALSE,FALSE,1
"33","~/DispersalEvolution/RangeEquilibrium/27716_Sim1",1,FALSE,FALSE,1
"34","~/DispersalEvolution/RangeEquilibrium/27717_Sim1",1,FALSE,FALSE,1
"35","~/DispersalEvolution/RangeEquilibrium/27723_Sim1",1,FALSE,FALSE,1
"36","~/DispersalEvolution/RangeEquilibrium/27725_Sim1",1,FALSE,FALSE,1
"37","~/DispersalEvolution/RangeEquilibrium/27726_Sim1",1,FALSE,FALSE,1
"38","~/DispersalEvolution/RangeEquilibrium/27732_Sim1",1,FALSE,FALSE,1
"39","~/DispersalEvolution/RangeEquilibrium/27733_Sim1",1,FALSE,FALSE,1
"40","~/DispersalEvolution/RangeEquilibrium/27739_Sim1",1,FALSE,FALSE,1
"41","~/DispersalEvolution/RangeEquilibrium/27744_Sim1",1,FALSE,FALSE,1
"42","~/DispersalEvolution/RangeEquilibrium/27746_Sim1",1,FALSE,FALSE,1
"43","~/DispersalEvolution/RangeEquilibrium/27752_Sim1",1,FALSE,FALSE,1
"44","~/DispersalEvolution/RangeEquilibrium/27753_Sim1",1,FALSE,FALSE,1
"45","~/DispersalEvolution/RangeEquilibrium/27759_Sim1",1,FALSE,FALSE,1
"46","~/DispersalEvolution/RangeEquilibrium/27761_Sim1",1,FALSE,FALSE,1
"47","~/DispersalEvolution/RangeEquilibrium/27766_Sim1",1,FALSE,FALSE,1
"48","~/DispersalEvolution/RangeEquilibrium/16359_Sim1",1,FALSE,FALSE,1
"49","~/DispersalEvolution/RangeEquilibrium/16360_Sim1",1,FALSE,FALSE,1
"50","~/DispersalEvolution/RangeEquilibrium/16361_Sim1",1,FALSE,FALSE,1
"51","~/DispersalEvolution/RangeEquilibrium/16362_Sim1",1,FALSE,FALSE,1
"52","~/DispersalEvolution/RangeEquilibrium/16363_Sim1",1,FALSE,FALSE,1
"53","~/DispersalEvolution/RangeEquilibrium/16365_Sim1",1,FALSE,FALSE,1
"54","~/DispersalEvolution/RangeEquilibrium/16367_Sim1",1,FALSE,FALSE,1
"55","~/DispersalEvolution/RangeEquilibrium/16369_Sim1",1,FALSE,FALSE,1
"56","~/DispersalEvolution/RangeEquilibrium/16372_Sim1",1,FALSE,FALSE,1
"57","~/DispersalEvolution/RangeEquilibrium/16376_Sim1",1,FALSE,FALSE,1
"58","~/DispersalEvolution/RangeEquilibrium/16386_Sim1",1,FALSE,FALSE,1
"59","~/DispersalEvolution/RangeEquilibrium/16387_Sim1",1,FALSE,FALSE,1
"60","~/DispersalEvolution/RangeEquilibrium/16389_Sim1",1,FALSE,FALSE,1
"61","~/DispersalEvolution/RangeEquilibrium/16395_Sim1",1,FALSE,FALSE,1
"62","~/DispersalEvolution/RangeEquilibrium/16396_Sim1",1,FALSE,FALSE,1
"63","~/DispersalEvolution/RangeEquilibrium/16402_Sim1",1,FALSE,FALSE,1
"64","~/DispersalEvolution/RangeEquilibrium/16403_Sim1",1,FALSE,FALSE,1
"65","~/DispersalEvolution/RangeEquilibrium/16408_Sim1",1,FALSE,FALSE,1
"66","~/DispersalEvolution/RangeEquilibrium/16410_Sim1",1,FALSE,FALSE,1
"67","~/DispersalEvolution/RangeEquilibrium/16416_Sim1",1,FALSE,FALSE,1
"68","~/DispersalEvolution/RangeEquilibrium/16421_Sim1",1,FALSE,FALSE,1
"69","~/DispersalEvolution/RangeEquilibrium/16423_Sim1",1,FALSE,FALSE,1
"70","~/DispersalEvolution/RangeEquilibrium/16431_Sim1",1,FALSE,FALSE,1
"71","~/DispersalEvolution/RangeEquilibrium/16432_Sim1",1,FALSE,FALSE,1
"72","~/DispersalEvolution/RangeEquilibrium/23346_Sim1",1,FALSE,FALSE,1
"73","~/DispersalEvolution/RangeEquilibrium/23347_Sim1",1,FALSE,FALSE,1
"74","~/DispersalEvolution/RangeEquilibrium/23348_Sim1",1,FALSE,FALSE,1
"75","~/DispersalEvolution/RangeEquilibrium/23349_Sim1",1,FALSE,FALSE,1
"76","~/DispersalEvolution/RangeEquilibrium/23350_Sim1",1,FALSE,FALSE,1
"77","~/DispersalEvolution/RangeEquilibrium/23352_Sim1",1,FALSE,FALSE,1
"78","~/DispersalEvolution/RangeEquilibrium/23354_Sim1",1,FALSE,FALSE,1
"79","~/DispersalEvolution/RangeEquilibrium/23356_Sim1",1,FALSE,FALSE,1
"80","~/DispersalEvolution/RangeEquilibrium/23361_Sim1",1,FALSE,FALSE,1
"81","~/DispersalEvolution/RangeEquilibrium/23367_Sim1",1,FALSE,FALSE,1
"82","~/DispersalEvolution/RangeEquilibrium/23368_Sim1",1,FALSE,FALSE,1
"83","~/DispersalEvolution/RangeEquilibrium/23371_Sim1",1,FALSE,FALSE,1
"84","~/DispersalEvolution/RangeEquilibrium/23375_Sim1",1,FALSE,FALSE,1
"85","~/DispersalEvolution/RangeEquilibrium/23377_Sim1",1,FALSE,FALSE,1
"86","~/DispersalEvolution/RangeEquilibrium/23382_Sim1",1,FALSE,FALSE,1
"87","~/DispersalEvolution/RangeEquilibrium/23384_Sim1",1,FALSE,FALSE,1
"88","~/DispersalEvolution/RangeEquilibrium/23389_Sim1",1,FALSE,FALSE,1
"89","~/DispersalEvolution/RangeEquilibrium/23393_Sim1",1,FALSE,FALSE,1
"90","~/DispersalEvolution/RangeEquilibrium/23398_Sim1",1,FALSE,FALSE,1
"91","~/DispersalEvolution/RangeEquilibrium/23400_Sim1",1,FALSE,FALSE,1
"92","~/DispersalEvolution/RangeEquilibrium/23405_Sim1",1,FALSE,FALSE,1
"93","~/DispersalEvolution/RangeEquilibrium/23412_Sim1",1,FALSE,FALSE,1
"94","~/DispersalEvolution/RangeEquilibrium/23413_Sim1",1,FALSE,FALSE,1
"95","~/DispersalEvolution/RangeEquilibrium/23420_Sim1",1,FALSE,FALSE,1
"96","~/DispersalEvolution/RangeEquilibrium/15163_Sim1",1,FALSE,FALSE,1
"97","~/DispersalEvolution/RangeEquilibrium/15164_Sim1",1,FALSE,FALSE,1
"98","~/DispersalEvolution/RangeEquilibrium/15165_Sim1",1,FALSE,FALSE,1
"99","~/DispersalEvolution/RangeEquilibrium/15166_Sim1",1,FALSE,FALSE,1
"100","~/DispersalEvolution/RangeEquilibrium/15167_Sim1",1,FALSE,FALSE,1
"101","~/DispersalEvolution/RangeEquilibrium/15169_Sim1",2,FALSE,FALSE,1
"102","~/DispersalEvolution/RangeEquilibrium/15171_Sim1",2,FALSE,FALSE,1
"103","~/DispersalEvolution/RangeEquilibrium/15173_Sim1",2,FALSE,FALSE,1
"104","~/DispersalEvolution/RangeEquilibrium/15174_Sim1",2,FALSE,FALSE,1
"105","~/DispersalEvolution/RangeEquilibrium/15176_Sim1",2,FALSE,FALSE,1
"106","~/DispersalEvolution/RangeEquilibrium/15178_Sim1",2,FALSE,FALSE,1
"107","~/DispersalEvolution/RangeEquilibrium/15180_Sim1",2,FALSE,FALSE,1
"108","~/DispersalEvolution/RangeEquilibrium/15181_Sim1",2,FALSE,FALSE,1
"109","~/DispersalEvolution/RangeEquilibrium/15183_Sim1",2,FALSE,FALSE,1
"110","~/DispersalEvolution/RangeEquilibrium/15199_Sim1",2,FALSE,FALSE,1
"111","~/DispersalEvolution/RangeEquilibrium/15203_Sim1",2,FALSE,FALSE,1
"112","~/DispersalEvolution/RangeEquilibrium/15212_Sim1",2,FALSE,FALSE,1
"113","~/DispersalEvolution/RangeEquilibrium/15217_Sim1",2,FALSE,FALSE,1
"114","~/DispersalEvolution/RangeEquilibrium/15222_Sim1",2,FALSE,FALSE,1
"115","~/DispersalEvolution/RangeEquilibrium/15224_Sim1",2,FALSE,FALSE,1
"116","~/DispersalEvolution/RangeEquilibrium/15229_Sim1",2,FALSE,FALSE,1
"117","~/DispersalEvolution/RangeEquilibrium/15230_Sim1",2,FALSE,FALSE,1
"118","~/DispersalEvolution/RangeEquilibrium/15231_Sim1",2,FALSE,FALSE,1
"119","~/DispersalEvolution/RangeEquilibrium/15234_Sim1",2,FALSE,FALSE,1
"120","~/DispersalEvolution/RangeEquilibrium/21364_Sim1",2,FALSE,FALSE,1
"121","~/DispersalEvolution/RangeEquilibrium/21365_Sim1",2,FALSE,FALSE,1
"122","~/DispersalEvolution/RangeEquilibrium/21366_Sim1",2,FALSE,FALSE,1
"123","~/DispersalEvolution/RangeEquilibrium/21367_Sim1",2,FALSE,FALSE,1
"124","~/DispersalEvolution/RangeEquilibrium/21368_Sim1",2,FALSE,FALSE,1
"125","~/DispersalEvolution/RangeEquilibrium/21370_Sim1",2,FALSE,FALSE,1
"126","~/DispersalEvolution/RangeEquilibrium/21372_Sim1",2,FALSE,FALSE,1
"127","~/DispersalEvolution/RangeEquilibrium/21373_Sim1",2,FALSE,FALSE,1
"128","~/DispersalEvolution/RangeEquilibrium/21379_Sim1",2,FALSE,FALSE,1
"129","~/DispersalEvolution/RangeEquilibrium/21381_Sim1",2,FALSE,FALSE,1
"130","~/DispersalEvolution/RangeEquilibrium/21386_Sim1",2,FALSE,FALSE,1
"131","~/DispersalEvolution/RangeEquilibrium/21388_Sim1",2,FALSE,FALSE,1
"132","~/DispersalEvolution/RangeEquilibrium/21393_Sim1",2,FALSE,FALSE,1
"133","~/DispersalEvolution/RangeEquilibrium/21395_Sim1",2,FALSE,FALSE,1
"134","~/DispersalEvolution/RangeEquilibrium/21401_Sim1",2,FALSE,FALSE,1
"135","~/DispersalEvolution/RangeEquilibrium/21402_Sim1",2,FALSE,FALSE,1
"136","~/DispersalEvolution/RangeEquilibrium/21405_Sim1",2,FALSE,FALSE,1
"137","~/DispersalEvolution/RangeEquilibrium/21414_Sim1",2,FALSE,FALSE,1
"138","~/DispersalEvolution/RangeEquilibrium/21416_Sim1",2,FALSE,FALSE,1
"139","~/DispersalEvolution/RangeEquilibrium/21422_Sim1",2,FALSE,FALSE,1
"140","~/DispersalEvolution/RangeEquilibrium/21425_Sim1",2,FALSE,FALSE,1
"141","~/DispersalEvolution/RangeEquilibrium/21430_Sim1",2,FALSE,FALSE,1
"142","~/DispersalEvolution/RangeEquilibrium/21432_Sim1",2,FALSE,FALSE,1
"143","~/DispersalEvolution/RangeEquilibrium/21433_Sim1",2,FALSE,FALSE,1
"144","~/DispersalEvolution/RangeEquilibrium/19072_Sim2",2,FALSE,FALSE,1
"145","~/DispersalEvolution/RangeEquilibrium/19073_Sim2",2,FALSE,FALSE,1
"146","~/DispersalEvolution/RangeEquilibrium/19074_Sim2",2,FALSE,FALSE,1
"147","~/DispersalEvolution/RangeEquilibrium/19075_Sim2",2,FALSE,FALSE,1
"148","~/DispersalEvolution/RangeEquilibrium/19077_Sim2",2,FALSE,FALSE,1
"149","~/DispersalEvolution/RangeEquilibrium/19078_Sim2",2,FALSE,FALSE,1
"150","~/DispersalEvolution/RangeEquilibrium/19084_Sim2",2,FALSE,FALSE,1
"151","~/DispersalEvolution/RangeEquilibrium/19086_Sim2",2,FALSE,FALSE,1
"152","~/DispersalEvolution/RangeEquilibrium/19087_Sim2",2,FALSE,FALSE,1
"153","~/DispersalEvolution/RangeEquilibrium/19093_Sim2",2,FALSE,FALSE,1
"154","~/DispersalEvolution/RangeEquilibrium/19100_Sim2",2,FALSE,FALSE,1
"155","~/DispersalEvolution/RangeEquilibrium/19101_Sim2",2,FALSE,FALSE,1
"156","~/DispersalEvolution/RangeEquilibrium/19102_Sim2",2,FALSE,FALSE,1
"157","~/DispersalEvolution/RangeEquilibrium/19108_Sim2",2,FALSE,FALSE,1
"158","~/DispersalEvolution/RangeEquilibrium/19114_Sim2",2,FALSE,FALSE,1
"159","~/DispersalEvolution/RangeEquilibrium/19115_Sim2",2,FALSE,FALSE,1
"160","~/DispersalEvolution/RangeEquilibrium/19117_Sim2",2,FALSE,FALSE,1
"161","~/DispersalEvolution/RangeEquilibrium/19123_Sim2",2,FALSE,FALSE,1
"162","~/DispersalEvolution/RangeEquilibrium/19125_Sim2",2,FALSE,FALSE,1
"163","~/DispersalEvolution/RangeEquilibrium/19130_Sim2",2,FALSE,FALSE,1
"164","~/DispersalEvolution/RangeEquilibrium/19135_Sim2",2,FALSE,FALSE,1
"165","~/DispersalEvolution/RangeEquilibrium/19138_Sim2",2,FALSE,FALSE,1
"166","~/DispersalEvolution/RangeEquilibrium/19139_Sim2",2,FALSE,FALSE,1
"167","~/DispersalEvolution/RangeEquilibrium/27695_Sim2",2,FALSE,FALSE,1
"168","~/DispersalEvolution/RangeEquilibrium/27696_Sim2",2,FALSE,FALSE,1
"169","~/DispersalEvolution/RangeEquilibrium/27697_Sim2",2,FALSE,FALSE,1
"170","~/DispersalEvolution/RangeEquilibrium/27698_Sim2",2,FALSE,FALSE,1
"171","~/DispersalEvolution/RangeEquilibrium/27700_Sim2",2,FALSE,FALSE,1
"172","~/DispersalEvolution/RangeEquilibrium/27701_Sim2",2,FALSE,FALSE,1
"173","~/DispersalEvolution/RangeEquilibrium/27703_Sim2",2,FALSE,FALSE,1
"174","~/DispersalEvolution/RangeEquilibrium/27705_Sim2",2,FALSE,FALSE,1
"175","~/DispersalEvolution/RangeEquilibrium/27710_Sim2",2,FALSE,FALSE,1
"176","~/DispersalEvolution/RangeEquilibrium/27716_Sim2",2,FALSE,FALSE,1
"177","~/DispersalEvolution/RangeEquilibrium/27717_Sim2",2,FALSE,FALSE,1
"178","~/DispersalEvolution/RangeEquilibrium/27723_Sim2",2,FALSE,FALSE,1
"179","~/DispersalEvolution/RangeEquilibrium/27725_Sim2",2,FALSE,FALSE,1
"180","~/DispersalEvolution/RangeEquilibrium/27726_Sim2",2,FALSE,FALSE,1
"181","~/DispersalEvolution/RangeEquilibrium/27732_Sim2",2,FALSE,FALSE,1
"182","~/DispersalEvolution/RangeEquilibrium/27733_Sim2",2,FALSE,FALSE,1
"183","~/DispersalEvolution/RangeEquilibrium/27739_Sim2",2,FALSE,FALSE,1
"184","~/DispersalEvolution/RangeEquilibrium/27744_Sim2",2,FALSE,FALSE,1
"185","~/DispersalEvolution/RangeEquilibrium/27746_Sim2",2,FALSE,FALSE,1
"186","~/DispersalEvolution/RangeEquilibrium/27752_Sim2",2,FALSE,FALSE,1
"187","~/DispersalEvolution/RangeEquilibrium/27753_Sim2",2,FALSE,FALSE,1
"188","~/DispersalEvolution/RangeEquilibrium/27759_Sim2",2,FALSE,FALSE,1
"189","~/DispersalEvolution/RangeEquilibrium/27761_Sim2",2,FALSE,FALSE,1
"190","~/DispersalEvolution/RangeEquilibrium/27766_Sim2",2,FALSE,FALSE,1
"191","~/DispersalEvolution/RangeEquilibrium/16359_Sim2",2,FALSE,FALSE,1
"192","~/DispersalEvolution/RangeEquilibrium/16360_Sim2",2,FALSE,FALSE,1
"193","~/DispersalEvolution/RangeEquilibrium/16361_Sim2",2,FALSE,FALSE,1
"194","~/DispersalEvolution/RangeEquilibrium/16362_Sim2",2,FALSE,FALSE,1
"195","~/DispersalEvolution/RangeEquilibrium/16363_Sim2",2,FALSE,FALSE,1
"196","~/DispersalEvolution/RangeEquilibrium/16365_Sim2",2,FALSE,FALSE,1
"197","~/DispersalEvolution/RangeEquilibrium/16367_Sim2",2,FALSE,FALSE,1
"198","~/DispersalEvolution/RangeEquilibrium/16369_Sim2",2,FALSE,FALSE,1
"199","~/DispersalEvolution/RangeEquilibrium/16372_Sim2",2,FALSE,FALSE,1
"200","~/DispersalEvolution/RangeEquilibrium/16376_Sim2",2,FALSE,FALSE,1
"201","~/DispersalEvolution/RangeEquilibrium/16386_Sim2",4,FALSE,FALSE,1
"202","~/DispersalEvolution/RangeEquilibrium/16387_Sim2",4,FALSE,FALSE,1
"203","~/DispersalEvolution/RangeEquilibrium/16389_Sim2",4,FALSE,FALSE,1
"204","~/DispersalEvolution/RangeEquilibrium/16395_Sim2",4,FALSE,FALSE,1
"205","~/DispersalEvolution/RangeEquilibrium/16396_Sim2",4,FALSE,FALSE,1
"206","~/DispersalEvolution/RangeEquilibrium/16402_Sim2",4,FALSE,FALSE,1
"207","~/DispersalEvolution/RangeEquilibrium/16403_Sim2",4,FALSE,FALSE,1
"208","~/DispersalEvolution/RangeEquilibrium/16408_Sim2",4,FALSE,FALSE,1
"209","~/DispersalEvolution/RangeEquilibrium/16410_Sim2",4,FALSE,FALSE,1
"210","~/DispersalEvolution/RangeEquilibrium/16416_Sim2",4,FALSE,FALSE,1
"211","~/DispersalEvolution/RangeEquilibrium/16421_Sim2",4,FALSE,FALSE,1
"212","~/DispersalEvolution/RangeEquilibrium/16423_Sim2",4,FALSE,FALSE,1
"213","~/DispersalEvolution/RangeEquilibrium/16431_Sim2",4,FALSE,FALSE,1
"214","~/DispersalEvolution/RangeEquilibrium/16432_Sim2",4,FALSE,FALSE,1
"215","~/DispersalEvolution/RangeEquilibrium/23346_Sim2",4,FALSE,FALSE,1
"216","~/DispersalEvolution/RangeEquilibrium/23347_Sim2",4,FALSE,FALSE,1
"217","~/DispersalEvolution/RangeEquilibrium/23348_Sim2",4,FALSE,FALSE,1
"218","~/DispersalEvolution/RangeEquilibrium/23349_Sim2",4,FALSE,FALSE,1
"219","~/DispersalEvolution/RangeEquilibrium/23350_Sim2",4,FALSE,FALSE,1
"220","~/DispersalEvolution/RangeEquilibrium/23352_Sim2",4,FALSE,FALSE,1
"221","~/DispersalEvolution/RangeEquilibrium/23354_Sim2",4,FALSE,FALSE,1
"222","~/DispersalEvolution/RangeEquilibrium/23356_Sim2",4,FALSE,FALSE,1
"223","~/DispersalEvolution/RangeEquilibrium/23361_Sim2",4,FALSE,FALSE,1
"224","~/DispersalEvolution/RangeEquilibrium/23367_Sim2",4,FALSE,FALSE,1
"225","~/DispersalEvolution/RangeEquilibrium/23368_Sim2",4,FALSE,FALSE,1
"226","~/DispersalEvolution/RangeEquilibrium/23371_Sim2",4,FALSE,FALSE,1
"227","~/DispersalEvolution/RangeEquilibrium/23375_Sim2",4,FALSE,FALSE,1
"228","~/DispersalEvolution/RangeEquilibrium/23377_Sim2",4,FALSE,FALSE,1
"229","~/DispersalEvolution/RangeEquilibrium/23382_Sim2",4,FALSE,FALSE,1
"230","~/DispersalEvolution/RangeEquilibrium/23384_Sim2",4,FALSE,FALSE,1
"231","~/DispersalEvolution/RangeEquilibrium/23389_Sim2",4,FALSE,FALSE,1
"232","~/DispersalEvolution/RangeEquilibrium/23393_Sim2",4,FALSE,FALSE,1
"233","~/DispersalEvolution/RangeEquilibrium/23398_Sim2",4,FALSE,FALSE,1
"234","~/DispersalEvolution/RangeEquilibrium/23400_Sim2",4,FALSE,FALSE,1
"235","~/DispersalEvolution/RangeEquilibrium/23405_Sim2",4,FALSE,FALSE,1
"236","~/DispersalEvolution/RangeEquilibrium/23412_Sim2",4,FALSE,FALSE,1
"237","~/DispersalEvolution/RangeEquilibrium/23413_Sim2",4,FALSE,FALSE,1
"238","~/DispersalEvolution/RangeEquilibrium/23420_Sim2",4,FALSE,FALSE,1
"239","~/DispersalEvolution/RangeEquilibrium/15163_Sim2",4,FALSE,FALSE,1
"240","~/DispersalEvolution/RangeEquilibrium/15164_Sim2",4,FALSE,FALSE,1
"241","~/DispersalEvolution/RangeEquilibrium/15165_Sim2",4,FALSE,FALSE,1
"242","~/DispersalEvolution/RangeEquilibrium/15166_Sim2",4,FALSE,FALSE,1
"243","~/DispersalEvolution/RangeEquilibrium/15167_Sim2",4,FALSE,FALSE,1
"244","~/DispersalEvolution/RangeEquilibrium/15169_Sim2",4,FALSE,FALSE,1
"245","~/DispersalEvolution/RangeEquilibrium/15171_Sim2",4,FALSE,FALSE,1
"246","~/DispersalEvolution/RangeEquilibrium/15173_Sim2",4,FALSE,FALSE,1
"247","~/DispersalEvolution/RangeEquilibrium/15174_Sim2",4,FALSE,FALSE,1
"248","~/DispersalEvolution/RangeEquilibrium/15176_Sim2",4,FALSE,FALSE,1
"249","~/DispersalEvolution/RangeEquilibrium/15178_Sim2",4,FALSE,FALSE,1
"250","~/DispersalEvolution/RangeEquilibrium/15180_Sim2",4,FALSE,FALSE,1
"251","~/DispersalEvolution/RangeEquilibrium/15181_Sim2",4,FALSE,FALSE,1
"252","~/DispersalEvolution/RangeEquilibrium/15183_Sim2",4,FALSE,FALSE,1
"253","~/DispersalEvolution/RangeEquilibrium/15199_Sim2",4,FALSE,FALSE,1
"254","~/DispersalEvolution/RangeEquilibrium/15203_Sim2",4,FALSE,FALSE,1
"255","~/DispersalEvolution/RangeEquilibrium/15212_Sim2",4,FALSE,FALSE,1
"256","~/DispersalEvolution/RangeEquilibrium/15217_Sim2",4,FALSE,FALSE,1
"257","~/DispersalEvolution/RangeEquilibrium/15222_Sim2",4,FALSE,FALSE,1
"258","~/DispersalEvolution/RangeEquilibrium/15224_Sim2",4,FALSE,FALSE,1
"259","~/DispersalEvolution/RangeEquilibrium/15229_Sim2",4,FALSE,FALSE,1
"260","~/DispersalEvolution/RangeEquilibrium/15230_Sim2",4,FALSE,FALSE,1
"261","~/DispersalEvolution/RangeEquilibrium/15231_Sim2",4,FALSE,FALSE,1
"262","~/DispersalEvolution/RangeEquilibrium/15234_Sim2",4,FALSE,FALSE,1
"263","~/DispersalEvolution/RangeEquilibrium/21364_Sim2",4,FALSE,FALSE,1
"264","~/DispersalEvolution/RangeEquilibrium/21365_Sim2",4,FALSE,FALSE,1
"265","~/DispersalEvolution/RangeEquilibrium/21366_Sim2",4,FALSE,FALSE,1
"266","~/DispersalEvolution/RangeEquilibrium/21367_Sim2",4,FALSE,FALSE,1
"267","~/DispersalEvolution/RangeEquilibrium/21368_Sim2",4,FALSE,FALSE,1
"268","~/DispersalEvolution/RangeEquilibrium/21370_Sim2",4,FALSE,FALSE,1
"269","~/DispersalEvolution/RangeEquilibrium/21372_Sim2",4,FALSE,FALSE,1
"270","~/DispersalEvolution/RangeEquilibrium/21373_Sim2",4,FALSE,FALSE,1
"271","~/DispersalEvolution/RangeEquilibrium/21379_Sim2",4,FALSE,FALSE,1
"272","~/DispersalEvolution/RangeEquilibrium/21381_Sim2",4,FALSE,FALSE,1
"273","~/DispersalEvolution/RangeEquilibrium/21386_Sim2",4,FALSE,FALSE,1
"274","~/DispersalEvolution/RangeEquilibrium/21388_Sim2",4,FALSE,FALSE,1
"275","~/DispersalEvolution/RangeEquilibrium/21393_Sim2",4,FALSE,FALSE,1
"276","~/DispersalEvolution/RangeEquilibrium/21395_Sim2",4,FALSE,FALSE,1
"277","~/DispersalEvolution/RangeEquilibrium/21401_Sim2",4,FALSE,FALSE,1
"278","~/DispersalEvolution/RangeEquilibrium/21402_Sim2",4,FALSE,FALSE,1
"279","~/DispersalEvolution/RangeEquilibrium/21405_Sim2",4,FALSE,FALSE,1
"280","~/DispersalEvolution/RangeEquilibrium/21414_Sim2",4,FALSE,FALSE,1
"281","~/DispersalEvolution/RangeEquilibrium/21416_Sim2",4,FALSE,FALSE,1
"282","~/DispersalEvolution/RangeEquilibrium/21422_Sim2",4,FALSE,FALSE,1
"283","~/DispersalEvolution/RangeEquilibrium/21425_Sim2",4,FALSE,FALSE,1
"284","~/DispersalEvolution/RangeEquilibrium/21430_Sim2",4,FALSE,FALSE,1
"285","~/DispersalEvolution/RangeEquilibrium/21432_Sim2",4,FALSE,FALSE,1
"286","~/DispersalEvolution/RangeEquilibrium/21433_Sim2",4,FALSE,FALSE,1
"287","~/DispersalEvolution/RangeEquilibrium/19072_Sim3",4,FALSE,FALSE,1
"288","~/DispersalEvolution/RangeEquilibrium/19073_Sim3",4,FALSE,FALSE,1
"289","~/DispersalEvolution/RangeEquilibrium/19074_Sim3",4,FALSE,FALSE,1
"290","~/DispersalEvolution/RangeEquilibrium/19075_Sim3",4,FALSE,FALSE,1
"291","~/DispersalEvolution/RangeEquilibrium/19077_Sim3",4,FALSE,FALSE,1
"292","~/DispersalEvolution/RangeEquilibrium/19078_Sim3",4,FALSE,FALSE,1
"293","~/DispersalEvolution/RangeEquilibrium/19084_Sim3",4,FALSE,FALSE,1
"294","~/DispersalEvolution/RangeEquilibrium/19086_Sim3",4,FALSE,FALSE,1
"295","~/DispersalEvolution/RangeEquilibrium/19087_Sim3",4,FALSE,FALSE,1
"296","~/DispersalEvolution/RangeEquilibrium/19093_Sim3",4,FALSE,FALSE,1
"297","~/DispersalEvolution/RangeEquilibrium/19100_Sim3",4,FALSE,FALSE,1
"298","~/DispersalEvolution/RangeEquilibrium/19101_Sim3",4,FALSE,FALSE,1
"299","~/DispersalEvolution/RangeEquilibrium/19102_Sim3",4,FALSE,FALSE,1
"300","~/DispersalEvolution/RangeEquilibrium/19108_Sim3",4,FALSE,FALSE,1
"301","~/DispersalEvolution/RangeEquilibrium/19114_Sim3",8,FALSE,FALSE,1
"302","~/DispersalEvolution/RangeEquilibrium/19115_Sim3",8,FALSE,FALSE,1
"303","~/DispersalEvolution/RangeEquilibrium/19117_Sim3",8,FALSE,FALSE,1
"304","~/DispersalEvolution/RangeEquilibrium/19123_Sim3",8,FALSE,FALSE,1
"305","~/DispersalEvolution/RangeEquilibrium/19125_Sim3",8,FALSE,FALSE,1
"306","~/DispersalEvolution/RangeEquilibrium/19130_Sim3",8,FALSE,FALSE,1
"307","~/DispersalEvolution/RangeEquilibrium/19135_Sim3",8,FALSE,FALSE,1
"308","~/DispersalEvolution/RangeEquilibrium/19138_Sim3",8,FALSE,FALSE,1
"309","~/DispersalEvolution/RangeEquilibrium/19139_Sim3",8,FALSE,FALSE,1
"310","~/DispersalEvolution/RangeEquilibrium/27695_Sim3",8,FALSE,FALSE,1
"311","~/DispersalEvolution/RangeEquilibrium/27696_Sim3",8,FALSE,FALSE,1
"312","~/DispersalEvolution/RangeEquilibrium/27697_Sim3",8,FALSE,FALSE,1
"313","~/DispersalEvolution/RangeEquilibrium/27698_Sim3",8,FALSE,FALSE,1
"314","~/DispersalEvolution/RangeEquilibrium/27700_Sim3",8,FALSE,FALSE,1
"315","~/DispersalEvolution/RangeEquilibrium/27701_Sim3",8,FALSE,FALSE,1
"316","~/DispersalEvolution/RangeEquilibrium/27703_Sim3",8,FALSE,FALSE,1
"317","~/DispersalEvolution/RangeEquilibrium/27705_Sim3",8,FALSE,FALSE,1
"318","~/DispersalEvolution/RangeEquilibrium/27710_Sim3",8,FALSE,FALSE,1
"319","~/DispersalEvolution/RangeEquilibrium/27716_Sim3",8,FALSE,FALSE,1
"320","~/DispersalEvolution/RangeEquilibrium/27717_Sim3",8,FALSE,FALSE,1
"321","~/DispersalEvolution/RangeEquilibrium/27723_Sim3",8,FALSE,FALSE,1
"322","~/DispersalEvolution/RangeEquilibrium/27725_Sim3",8,FALSE,FALSE,1
"323","~/DispersalEvolution/RangeEquilibrium/27726_Sim3",8,FALSE,FALSE,1
"324","~/DispersalEvolution/RangeEquilibrium/27732_Sim3",8,FALSE,FALSE,1
"325","~/DispersalEvolution/RangeEquilibrium/27733_Sim3",8,FALSE,FALSE,1
"326","~/DispersalEvolution/RangeEquilibrium/27739_Sim3",8,FALSE,FALSE,1
"327","~/DispersalEvolution/RangeEquilibrium/27744_Sim3",8,FALSE,FALSE,1
"328","~/DispersalEvolution/RangeEquilibrium/27746_Sim3",8,FALSE,FALSE,1
"329","~/DispersalEvolution/RangeEquilibrium/27752_Sim3",8,FALSE,FALSE,1
"330","~/DispersalEvolution/RangeEquilibrium/27753_Sim3",8,FALSE,FALSE,1
"331","~/DispersalEvolution/RangeEquilibrium/27759_Sim3",8,FALSE,FALSE,1
"332","~/DispersalEvolution/RangeEquilibrium/27761_Sim3",8,FALSE,FALSE,1
"333","~/DispersalEvolution/RangeEquilibrium/27766_Sim3",8,FALSE,FALSE,1
"334","~/DispersalEvolution/RangeEquilibrium/16359_Sim3",8,FALSE,FALSE,1
"335","~/DispersalEvolution/RangeEquilibrium/16360_Sim3",8,FALSE,FALSE,1
"336","~/DispersalEvolution/RangeEquilibrium/16361_Sim3",8,FALSE,FALSE,1
"337","~/DispersalEvolution/RangeEquilibrium/16362_Sim3",8,FALSE,FALSE,1
"338","~/DispersalEvolution/RangeEquilibrium/16363_Sim3",8,FALSE,FALSE,1
"339","~/DispersalEvolution/RangeEquilibrium/16365_Sim3",8,FALSE,FALSE,1
"340","~/DispersalEvolution/RangeEquilibrium/16367_Sim3",8,FALSE,FALSE,1
"341","~/DispersalEvolution/RangeEquilibrium/16369_Sim3",8,FALSE,FALSE,1
"342","~/DispersalEvolution/RangeEquilibrium/16372_Sim3",8,FALSE,FALSE,1
"343","~/DispersalEvolution/RangeEquilibrium/16376_Sim3",8,FALSE,FALSE,1
"344","~/DispersalEvolution/RangeEquilibrium/16386_Sim3",8,FALSE,FALSE,1
"345","~/DispersalEvolution/RangeEquilibrium/16387_Sim3",8,FALSE,FALSE,1
"346","~/DispersalEvolution/RangeEquilibrium/16389_Sim3",8,FALSE,FALSE,1
"347","~/DispersalEvolution/RangeEquilibrium/16395_Sim3",8,FALSE,FALSE,1
"348","~/DispersalEvolution/RangeEquilibrium/16396_Sim3",8,FALSE,FALSE,1
"349","~/DispersalEvolution/RangeEquilibrium/16402_Sim3",8,FALSE,FALSE,1
"350","~/DispersalEvolution/RangeEquilibrium/16403_Sim3",8,FALSE,FALSE,1
"351","~/DispersalEvolution/RangeEquilibrium/16408_Sim3",8,FALSE,FALSE,1
"352","~/DispersalEvolution/RangeEquilibrium/16410_Sim3",8,FALSE,FALSE,1
"353","~/DispersalEvolution/RangeEquilibrium/16416_Sim3",8,FALSE,FALSE,1
"354","~/DispersalEvolution/RangeEquilibrium/16421_Sim3",8,FALSE,FALSE,1
"355","~/DispersalEvolution/RangeEquilibrium/16423_Sim3",8,FALSE,FALSE,1
"356","~/DispersalEvolution/RangeEquilibrium/16431_Sim3",8,FALSE,FALSE,1
"357","~/DispersalEvolution/RangeEquilibrium/16432_Sim3",8,FALSE,FALSE,1
"358","~/DispersalEvolution/RangeEquilibrium/23346_Sim3",8,FALSE,FALSE,1
"359","~/DispersalEvolution/RangeEquilibrium/23347_Sim3",8,FALSE,FALSE,1
"360","~/DispersalEvolution/RangeEquilibrium/23348_Sim3",8,FALSE,FALSE,1
"361","~/DispersalEvolution/RangeEquilibrium/23349_Sim3",8,FALSE,FALSE,1
"362","~/DispersalEvolution/RangeEquilibrium/23350_Sim3",8,FALSE,FALSE,1
"363","~/DispersalEvolution/RangeEquilibrium/23352_Sim3",8,FALSE,FALSE,1
"364","~/DispersalEvolution/RangeEquilibrium/23354_Sim3",8,FALSE,FALSE,1
"365","~/DispersalEvolution/RangeEquilibrium/23356_Sim3",8,FALSE,FALSE,1
"366","~/DispersalEvolution/RangeEquilibrium/23361_Sim3",8,FALSE,FALSE,1
"367","~/DispersalEvolution/RangeEquilibrium/23367_Sim3",8,FALSE,FALSE,1
"368","~/DispersalEvolution/RangeEquilibrium/23368_Sim3",8,FALSE,FALSE,1
"369","~/DispersalEvolution/RangeEquilibrium/23371_Sim3",8,FALSE,FALSE,1
"370","~/DispersalEvolution/RangeEquilibrium/23375_Sim3",8,FALSE,FALSE,1
"371","~/DispersalEvolution/RangeEquilibrium/23377_Sim3",8,FALSE,FALSE,1
"372","~/DispersalEvolution/RangeEquilibrium/23382_Sim3",8,FALSE,FALSE,1
"373","~/DispersalEvolution/RangeEquilibrium/23384_Sim3",8,FALSE,FALSE,1
"374","~/DispersalEvolution/RangeEquilibrium/23389_Sim3",8,FALSE,FALSE,1
"375","~/DispersalEvolution/RangeEquilibrium/23393_Sim3",8,FALSE,FALSE,1
"376","~/DispersalEvolution/RangeEquilibrium/23398_Sim3",8,FALSE,FALSE,1
"377","~/DispersalEvolution/RangeEquilibrium/23400_Sim3",8,FALSE,FALSE,1
"378","~/DispersalEvolution/RangeEquilibrium/23405_Sim3",8,FALSE,FALSE,1
"379","~/DispersalEvolution/RangeEquilibrium/23412_Sim3",8,FALSE,FALSE,1
"380","~/DispersalEvolution/RangeEquilibrium/23413_Sim3",8,FALSE,FALSE,1
"381","~/DispersalEvolution/RangeEquilibrium/23420_Sim3",8,FALSE,FALSE,1
"382","~/DispersalEvolution/RangeEquilibrium/15163_Sim3",8,FALSE,FALSE,1
"383","~/DispersalEvolution/RangeEquilibrium/15164_Sim3",8,FALSE,FALSE,1
"384","~/DispersalEvolution/RangeEquilibrium/15165_Sim3",8,FALSE,FALSE,1
"385","~/DispersalEvolution/RangeEquilibrium/15166_Sim3",8,FALSE,FALSE,1
"386","~/DispersalEvolution/RangeEquilibrium/15167_Sim3",8,FALSE,FALSE,1
"387","~/DispersalEvolution/RangeEquilibrium/15169_Sim3",8,FALSE,FALSE,1
"388","~/DispersalEvolution/RangeEquilibrium/15171_Sim3",8,FALSE,FALSE,1
"389","~/DispersalEvolution/RangeEquilibrium/15173_Sim3",8,FALSE,FALSE,1
"390","~/DispersalEvolution/RangeEquilibrium/15174_Sim3",8,FALSE,FALSE,1
"391","~/DispersalEvolution/RangeEquilibrium/15176_Sim3",8,FALSE,FALSE,1
"392","~/DispersalEvolution/RangeEquilibrium/15178_Sim3",8,FALSE,FALSE,1
"393","~/DispersalEvolution/RangeEquilibrium/15180_Sim3",8,FALSE,FALSE,1
"394","~/DispersalEvolution/RangeEquilibrium/15181_Sim3",8,FALSE,FALSE,1
"395","~/DispersalEvolution/RangeEquilibrium/15183_Sim3",8,FALSE,FALSE,1
"396","~/DispersalEvolution/RangeEquilibrium/15199_Sim3",8,FALSE,FALSE,1
"397","~/DispersalEvolution/RangeEquilibrium/15203_Sim3",8,FALSE,FALSE,1
"398","~/DispersalEvolution/RangeEquilibrium/15212_Sim3",8,FALSE,FALSE,1
"399","~/DispersalEvolution/RangeEquilibrium/15217_Sim3",8,FALSE,FALSE,1
"400","~/DispersalEvolution/RangeEquilibrium/15222_Sim3",8,FALSE,FALSE,1
"401","~/DispersalEvolution/RangeEquilibrium/15224_Sim3",16,FALSE,FALSE,1
"402","~/DispersalEvolution/RangeEquilibrium/15229_Sim3",16,FALSE,FALSE,1
"403","~/DispersalEvolution/RangeEquilibrium/15230_Sim3",16,FALSE,FALSE,1
"404","~/DispersalEvolution/RangeEquilibrium/15231_Sim3",16,FALSE,FALSE,1
"405","~/DispersalEvolution/RangeEquilibrium/15234_Sim3",16,FALSE,FALSE,1
"406","~/DispersalEvolution/RangeEquilibrium/21364_Sim3",16,FALSE,FALSE,1
"407","~/DispersalEvolution/RangeEquilibrium/21365_Sim3",16,FALSE,FALSE,1
"408","~/DispersalEvolution/RangeEquilibrium/21366_Sim3",16,FALSE,FALSE,1
"409","~/DispersalEvolution/RangeEquilibrium/21367_Sim3",16,FALSE,FALSE,1
"410","~/DispersalEvolution/RangeEquilibrium/21368_Sim3",16,FALSE,FALSE,1
"411","~/DispersalEvolution/RangeEquilibrium/21370_Sim3",16,FALSE,FALSE,1
"412","~/DispersalEvolution/RangeEquilibrium/21372_Sim3",16,FALSE,FALSE,1
"413","~/DispersalEvolution/RangeEquilibrium/21373_Sim3",16,FALSE,FALSE,1
"414","~/DispersalEvolution/RangeEquilibrium/21379_Sim3",16,FALSE,FALSE,1
"415","~/DispersalEvolution/RangeEquilibrium/21381_Sim3",16,FALSE,FALSE,1
"416","~/DispersalEvolution/RangeEquilibrium/21386_Sim3",16,FALSE,FALSE,1
"417","~/DispersalEvolution/RangeEquilibrium/21388_Sim3",16,FALSE,FALSE,1
"418","~/DispersalEvolution/RangeEquilibrium/21393_Sim3",16,FALSE,FALSE,1
"419","~/DispersalEvolution/RangeEquilibrium/21395_Sim3",16,FALSE,FALSE,1
"420","~/DispersalEvolution/RangeEquilibrium/21401_Sim3",16,FALSE,FALSE,1
"421","~/DispersalEvolution/RangeEquilibrium/21402_Sim3",16,FALSE,FALSE,1
"422","~/DispersalEvolution/RangeEquilibrium/21405_Sim3",16,FALSE,FALSE,1
"423","~/DispersalEvolution/RangeEquilibrium/21414_Sim3",16,FALSE,FALSE,1
"424","~/DispersalEvolution/RangeEquilibrium/21416_Sim3",16,FALSE,FALSE,1
"425","~/DispersalEvolution/RangeEquilibrium/21422_Sim3",16,FALSE,FALSE,1
"426","~/DispersalEvolution/RangeEquilibrium/21425_Sim3",16,FALSE,FALSE,1
"427","~/DispersalEvolution/RangeEquilibrium/21430_Sim3",16,FALSE,FALSE,1
"428","~/DispersalEvolution/RangeEquilibrium/21432_Sim3",16,FALSE,FALSE,1
"429","~/DispersalEvolution/RangeEquilibrium/21433_Sim3",16,FALSE,FALSE,1
"430","~/DispersalEvolution/RangeEquilibrium/19072_Sim4",16,FALSE,FALSE,1
"431","~/DispersalEvolution/RangeEquilibrium/19073_Sim4",16,FALSE,FALSE,1
"432","~/DispersalEvolution/RangeEquilibrium/19074_Sim4",16,FALSE,FALSE,1
"433","~/DispersalEvolution/RangeEquilibrium/19075_Sim4",16,FALSE,FALSE,1
"434","~/DispersalEvolution/RangeEquilibrium/19077_Sim4",16,FALSE,FALSE,1
"435","~/DispersalEvolution/RangeEquilibrium/19078_Sim4",16,FALSE,FALSE,1
"436","~/DispersalEvolution/RangeEquilibrium/19084_Sim4",16,FALSE,FALSE,1
"437","~/DispersalEvolution/RangeEquilibrium/19086_Sim4",16,FALSE,FALSE,1
"438","~/DispersalEvolution/RangeEquilibrium/19087_Sim4",16,FALSE,FALSE,1
"439","~/DispersalEvolution/RangeEquilibrium/19093_Sim4",16,FALSE,FALSE,1
"440","~/DispersalEvolution/RangeEquilibrium/19100_Sim4",16,FALSE,FALSE,1
"441","~/DispersalEvolution/RangeEquilibrium/19101_Sim4",16,FALSE,FALSE,1
"442","~/DispersalEvolution/RangeEquilibrium/19102_Sim4",16,FALSE,FALSE,1
"443","~/DispersalEvolution/RangeEquilibrium/19108_Sim4",16,FALSE,FALSE,1
"444","~/DispersalEvolution/RangeEquilibrium/19114_Sim4",16,FALSE,FALSE,1
"445","~/DispersalEvolution/RangeEquilibrium/19115_Sim4",16,FALSE,FALSE,1
"446","~/DispersalEvolution/RangeEquilibrium/19117_Sim4",16,FALSE,FALSE,1
"447","~/DispersalEvolution/RangeEquilibrium/19123_Sim4",16,FALSE,FALSE,1
"448","~/DispersalEvolution/RangeEquilibrium/19125_Sim4",16,FALSE,FALSE,1
"449","~/DispersalEvolution/RangeEquilibrium/19130_Sim4",16,FALSE,FALSE,1
"450","~/DispersalEvolution/RangeEquilibrium/19135_Sim4",16,FALSE,FALSE,1
"451","~/DispersalEvolution/RangeEquilibrium/19138_Sim4",16,FALSE,FALSE,1
"452","~/DispersalEvolution/RangeEquilibrium/19139_Sim4",16,FALSE,FALSE,1
"453","~/DispersalEvolution/RangeEquilibrium/27695_Sim4",16,FALSE,FALSE,1
"454","~/DispersalEvolution/RangeEquilibrium/27696_Sim4",16,FALSE,FALSE,1
"455","~/DispersalEvolution/RangeEquilibrium/27697_Sim4",16,FALSE,FALSE,1
"456","~/DispersalEvolution/RangeEquilibrium/27698_Sim4",16,FALSE,FALSE,1
"457","~/DispersalEvolution/RangeEquilibrium/27700_Sim4",16,FALSE,FALSE,1
"458","~/DispersalEvolution/RangeEquilibrium/27701_Sim4",16,FALSE,FALSE,1
"459","~/DispersalEvolution/RangeEquilibrium/27703_Sim4",16,FALSE,FALSE,1
"460","~/DispersalEvolution/RangeEquilibrium/27705_Sim4",16,FALSE,FALSE,1
"461","~/DispersalEvolution/RangeEquilibrium/27710_Sim4",16,FALSE,FALSE,1
"462","~/DispersalEvolution/RangeEquilibrium/27716_Sim4",16,FALSE,FALSE,1
"463","~/DispersalEvolution/RangeEquilibrium/27717_Sim4",16,FALSE,FALSE,1
"464","~/DispersalEvolution/RangeEquilibrium/27723_Sim4",16,FALSE,FALSE,1
"465","~/DispersalEvolution/RangeEquilibrium/27725_Sim4",16,FALSE,FALSE,1
"466","~/DispersalEvolution/RangeEquilibrium/27726_Sim4",16,FALSE,FALSE,1
"467","~/DispersalEvolution/RangeEquilibrium/27732_Sim4",16,FALSE,FALSE,1
"468","~/DispersalEvolution/RangeEquilibrium/27733_Sim4",16,FALSE,FALSE,1
"469","~/DispersalEvolution/RangeEquilibrium/27739_Sim4",16,FALSE,FALSE,1
"470","~/DispersalEvolution/RangeEquilibrium/27744_Sim4",16,FALSE,FALSE,1
"471","~/DispersalEvolution/RangeEquilibrium/27746_Sim4",16,FALSE,FALSE,1
"472","~/DispersalEvolution/RangeEquilibrium/27752_Sim4",16,FALSE,FALSE,1
"473","~/DispersalEvolution/RangeEquilibrium/27753_Sim4",16,FALSE,FALSE,1
"474","~/DispersalEvolution/RangeEquilibrium/27759_Sim4",16,FALSE,FALSE,1
"475","~/DispersalEvolution/RangeEquilibrium/27761_Sim4",16,FALSE,FALSE,1
"476","~/DispersalEvolution/RangeEquilibrium/27766_Sim4",16,FALSE,FALSE,1
"477","~/DispersalEvolution/RangeEquilibrium/16359_Sim4",16,FALSE,FALSE,1
"478","~/DispersalEvolution/RangeEquilibrium/16360_Sim4",16,FALSE,FALSE,1
"479","~/DispersalEvolution/RangeEquilibrium/16361_Sim4",16,FALSE,FALSE,1
"480","~/DispersalEvolution/RangeEquilibrium/16362_Sim4",16,FALSE,FALSE,1
"481","~/DispersalEvolution/RangeEquilibrium/16363_Sim4",16,FALSE,FALSE,1
"482","~/DispersalEvolution/RangeEquilibrium/16365_Sim4",16,FALSE,FALSE,1
"483","~/DispersalEvolution/RangeEquilibrium/16367_Sim4",16,FALSE,FALSE,1
"484","~/DispersalEvolution/RangeEquilibrium/16369_Sim4",16,FALSE,FALSE,1
"485","~/DispersalEvolution/RangeEquilibrium/16372_Sim4",16,FALSE,FALSE,1
"486","~/DispersalEvolution/RangeEquilibrium/16376_Sim4",16,FALSE,FALSE,1
"487","~/DispersalEvolution/RangeEquilibrium/16386_Sim4",16,FALSE,FALSE,1
"488","~/DispersalEvolution/RangeEquilibrium/16387_Sim4",16,FALSE,FALSE,1
"489","~/DispersalEvolution/RangeEquilibrium/16389_Sim4",16,FALSE,FALSE,1
"490","~/DispersalEvolution/RangeEquilibrium/16395_Sim4",16,FALSE,FALSE,1
"491","~/DispersalEvolution/RangeEquilibrium/16396_Sim4",16,FALSE,FALSE,1
"492","~/DispersalEvolution/RangeEquilibrium/16402_Sim4",16,FALSE,FALSE,1
"493","~/DispersalEvolution/RangeEquilibrium/16403_Sim4",16,FALSE,FALSE,1
"494","~/DispersalEvolution/RangeEquilibrium/16408_Sim4",16,FALSE,FALSE,1
"495","~/DispersalEvolution/RangeEquilibrium/16410_Sim4",16,FALSE,FALSE,1
"496","~/DispersalEvolution/RangeEquilibrium/16416_Sim4",16,FALSE,FALSE,1
"497","~/DispersalEvolution/RangeEquilibrium/16421_Sim4",16,FALSE,FALSE,1
"498","~/DispersalEvolution/RangeEquilibrium/16423_Sim4",16,FALSE,FALSE,1
"499","~/DispersalEvolution/RangeEquilibrium/16431_Sim4",16,FALSE,FALSE,1
"500","~/DispersalEvolution/RangeEquilibrium/16432_Sim4",16,FALSE,FALSE,1
"501","~/DispersalEvolution/RangeEquilibrium/23346_Sim4",32,FALSE,FALSE,1
"502","~/DispersalEvolution/RangeEquilibrium/23347_Sim4",32,FALSE,FALSE,1
"503","~/DispersalEvolution/RangeEquilibrium/23348_Sim4",32,FALSE,FALSE,1
"504","~/DispersalEvolution/RangeEquilibrium/23349_Sim4",32,FALSE,FALSE,1
"505","~/DispersalEvolution/RangeEquilibrium/23350_Sim4",32,FALSE,FALSE,1
"506","~/DispersalEvolution/RangeEquilibrium/23352_Sim4",32,FALSE,FALSE,1
"507","~/DispersalEvolution/RangeEquilibrium/23354_Sim4",32,FALSE,FALSE,1
"508","~/DispersalEvolution/RangeEquilibrium/23356_Sim4",32,FALSE,FALSE,1
"509","~/DispersalEvolution/RangeEquilibrium/23361_Sim4",32,FALSE,FALSE,1
"510","~/DispersalEvolution/RangeEquilibrium/23367_Sim4",32,FALSE,FALSE,1
"511","~/DispersalEvolution/RangeEquilibrium/23368_Sim4",32,FALSE,FALSE,1
"512","~/DispersalEvolution/RangeEquilibrium/23371_Sim4",32,FALSE,FALSE,1
"513","~/DispersalEvolution/RangeEquilibrium/23375_Sim4",32,FALSE,FALSE,1
"514","~/DispersalEvolution/RangeEquilibrium/23377_Sim4",32,FALSE,FALSE,1
"515","~/DispersalEvolution/RangeEquilibrium/23382_Sim4",32,FALSE,FALSE,1
"516","~/DispersalEvolution/RangeEquilibrium/23384_Sim4",32,FALSE,FALSE,1
"517","~/DispersalEvolution/RangeEquilibrium/23389_Sim4",32,FALSE,FALSE,1
"518","~/DispersalEvolution/RangeEquilibrium/23393_Sim4",32,FALSE,FALSE,1
"519","~/DispersalEvolution/RangeEquilibrium/23398_Sim4",32,FALSE,FALSE,1
"520","~/DispersalEvolution/RangeEquilibrium/23400_Sim4",32,FALSE,FALSE,1
"521","~/DispersalEvolution/RangeEquilibrium/23405_Sim4",32,FALSE,FALSE,1
"522","~/DispersalEvolution/RangeEquilibrium/23412_Sim4",32,FALSE,FALSE,1
"523","~/DispersalEvolution/RangeEquilibrium/23413_Sim4",32,FALSE,FALSE,1
"524","~/DispersalEvolution/RangeEquilibrium/23420_Sim4",32,FALSE,FALSE,1
"525","~/DispersalEvolution/RangeEquilibrium/15163_Sim4",32,FALSE,FALSE,1
"526","~/DispersalEvolution/RangeEquilibrium/15164_Sim4",32,FALSE,FALSE,1
"527","~/DispersalEvolution/RangeEquilibrium/15165_Sim4",32,FALSE,FALSE,1
"528","~/DispersalEvolution/RangeEquilibrium/15166_Sim4",32,FALSE,FALSE,1
"529","~/DispersalEvolution/RangeEquilibrium/15167_Sim4",32,FALSE,FALSE,1
"530","~/DispersalEvolution/RangeEquilibrium/15169_Sim4",32,FALSE,FALSE,1
"531","~/DispersalEvolution/RangeEquilibrium/15171_Sim4",32,FALSE,FALSE,1
"532","~/DispersalEvolution/RangeEquilibrium/15173_Sim4",32,FALSE,FALSE,1
"533","~/DispersalEvolution/RangeEquilibrium/15174_Sim4",32,FALSE,FALSE,1
"534","~/DispersalEvolution/RangeEquilibrium/15176_Sim4",32,FALSE,FALSE,1
"535","~/DispersalEvolution/RangeEquilibrium/15178_Sim4",32,FALSE,FALSE,1
"536","~/DispersalEvolution/RangeEquilibrium/15180_Sim4",32,FALSE,FALSE,1
"537","~/DispersalEvolution/RangeEquilibrium/15181_Sim4",32,FALSE,FALSE,1
"538","~/DispersalEvolution/RangeEquilibrium/15183_Sim4",32,FALSE,FALSE,1
"539","~/DispersalEvolution/RangeEquilibrium/15199_Sim4",32,FALSE,FALSE,1
"540","~/DispersalEvolution/RangeEquilibrium/15203_Sim4",32,FALSE,FALSE,1
"541","~/DispersalEvolution/RangeEquilibrium/15212_Sim4",32,FALSE,FALSE,1
"542","~/DispersalEvolution/RangeEquilibrium/15217_Sim4",32,FALSE,FALSE,1
"543","~/DispersalEvolution/RangeEquilibrium/15222_Sim4",32,FALSE,FALSE,1
"544","~/DispersalEvolution/RangeEquilibrium/15224_Sim4",32,FALSE,FALSE,1
"545","~/DispersalEvolution/RangeEquilibrium/15229_Sim4",32,FALSE,FALSE,1
"546","~/DispersalEvolution/RangeEquilibrium/15230_Sim4",32,FALSE,FALSE,1
"547","~/DispersalEvolution/RangeEquilibrium/15231_Sim4",32,FALSE,FALSE,1
"548","~/DispersalEvolution/RangeEquilibrium/15234_Sim4",32,FALSE,FALSE,1
"549","~/DispersalEvolution/RangeEquilibrium/21364_Sim4",32,FALSE,FALSE,1
"550","~/DispersalEvolution/RangeEquilibrium/21365_Sim4",32,FALSE,FALSE,1
"551","~/DispersalEvolution/RangeEquilibrium/21366_Sim4",32,FALSE,FALSE,1
"552","~/DispersalEvolution/RangeEquilibrium/21367_Sim4",32,FALSE,FALSE,1
"553","~/DispersalEvolution/RangeEquilibrium/21368_Sim4",32,FALSE,FALSE,1
"554","~/DispersalEvolution/RangeEquilibrium/21370_Sim4",32,FALSE,FALSE,1
"555","~/DispersalEvolution/RangeEquilibrium/21372_Sim4",32,FALSE,FALSE,1
"556","~/DispersalEvolution/RangeEquilibrium/21373_Sim4",32,FALSE,FALSE,1
"557","~/DispersalEvolution/RangeEquilibrium/21379_Sim4",32,FALSE,FALSE,1
"558","~/DispersalEvolution/RangeEquilibrium/21381_Sim4",32,FALSE,FALSE,1
"559","~/DispersalEvolution/RangeEquilibrium/21386_Sim4",32,FALSE,FALSE,1
"560","~/DispersalEvolution/RangeEquilibrium/21388_Sim4",32,FALSE,FALSE,1
"561","~/DispersalEvolution/RangeEquilibrium/21393_Sim4",32,FALSE,FALSE,1
"562","~/DispersalEvolution/RangeEquilibrium/21395_Sim4",32,FALSE,FALSE,1
"563","~/DispersalEvolution/RangeEquilibrium/21401_Sim4",32,FALSE,FALSE,1
"564","~/DispersalEvolution/RangeEquilibrium/21402_Sim4",32,FALSE,FALSE,1
"565","~/DispersalEvolution/RangeEquilibrium/21405_Sim4",32,FALSE,FALSE,1
"566","~/DispersalEvolution/RangeEquilibrium/21414_Sim4",32,FALSE,FALSE,1
"567","~/DispersalEvolution/RangeEquilibrium/21416_Sim4",32,FALSE,FALSE,1
"568","~/DispersalEvolution/RangeEquilibrium/21422_Sim4",32,FALSE,FALSE,1
"569","~/DispersalEvolution/RangeEquilibrium/21425_Sim4",32,FALSE,FALSE,1
"570","~/DispersalEvolution/RangeEquilibrium/21430_Sim4",32,FALSE,FALSE,1
"571","~/DispersalEvolution/RangeEquilibrium/21432_Sim4",32,FALSE,FALSE,1
"572","~/DispersalEvolution/RangeEquilibrium/21433_Sim4",32,FALSE,FALSE,1
"573","~/DispersalEvolution/RangeEquilibrium/19072_Sim5",32,FALSE,FALSE,1
"574","~/DispersalEvolution/RangeEquilibrium/19073_Sim5",32,FALSE,FALSE,1
"575","~/DispersalEvolution/RangeEquilibrium/19074_Sim5",32,FALSE,FALSE,1
"576","~/DispersalEvolution/RangeEquilibrium/19075_Sim5",32,FALSE,FALSE,1
"577","~/DispersalEvolution/RangeEquilibrium/19077_Sim5",32,FALSE,FALSE,1
"578","~/DispersalEvolution/RangeEquilibrium/19078_Sim5",32,FALSE,FALSE,1
"579","~/DispersalEvolution/RangeEquilibrium/19084_Sim5",32,FALSE,FALSE,1
"580","~/DispersalEvolution/RangeEquilibrium/19086_Sim5",32,FALSE,FALSE,1
"581","~/DispersalEvolution/RangeEquilibrium/19087_Sim5",32,FALSE,FALSE,1
"582","~/DispersalEvolution/RangeEquilibrium/19093_Sim5",32,FALSE,FALSE,1
"583","~/DispersalEvolution/RangeEquilibrium/19100_Sim5",32,FALSE,FALSE,1
"584","~/DispersalEvolution/RangeEquilibrium/19101_Sim5",32,FALSE,FALSE,1
"585","~/DispersalEvolution/RangeEquilibrium/19102_Sim5",32,FALSE,FALSE,1
"586","~/DispersalEvolution/RangeEquilibrium/19108_Sim5",32,FALSE,FALSE,1
"587","~/DispersalEvolution/RangeEquilibrium/19114_Sim5",32,FALSE,FALSE,1
"588","~/DispersalEvolution/RangeEquilibrium/19115_Sim5",32,FALSE,FALSE,1
"589","~/DispersalEvolution/RangeEquilibrium/19117_Sim5",32,FALSE,FALSE,1
"590","~/DispersalEvolution/RangeEquilibrium/19123_Sim5",32,FALSE,FALSE,1
"591","~/DispersalEvolution/RangeEquilibrium/19125_Sim5",32,FALSE,FALSE,1
"592","~/DispersalEvolution/RangeEquilibrium/19130_Sim5",32,FALSE,FALSE,1
"593","~/DispersalEvolution/RangeEquilibrium/19135_Sim5",32,FALSE,FALSE,1
"594","~/DispersalEvolution/RangeEquilibrium/19138_Sim5",32,FALSE,FALSE,1
"595","~/DispersalEvolution/RangeEquilibrium/19139_Sim5",32,FALSE,FALSE,1
"596","~/DispersalEvolution/RangeEquilibrium/27695_Sim5",32,FALSE,FALSE,1
"597","~/DispersalEvolution/RangeEquilibrium/27696_Sim5",32,FALSE,FALSE,1
"598","~/DispersalEvolution/RangeEquilibrium/27697_Sim5",32,FALSE,FALSE,1
"599","~/DispersalEvolution/RangeEquilibrium/27698_Sim5",32,FALSE,FALSE,1
"600","~/DispersalEvolution/RangeEquilibrium/27700_Sim5",32,FALSE,FALSE,1
